{
  "todos": [
    {
      "id": "283f",
      "text": "리액트 수업 ",
      "type": "공부",
      "isCompleted": true
    },
    {
      "id": "068d",
      "text": "ㅁㄴㅇㄹ",
      "type": "일반",
      "isCompleted": true
    },
    {
      "id": "7acd",
      "text": "",
      "type": "공부",
      "isCompleted": true
    },
    {
      "id": "ed47",
      "text": "ㅁㄴㅇㄹ",
      "type": "공부",
      "isCompleted": true
    },
    {
      "id": "e308",
      "text": "ㅁㄴㅇㄹ",
      "type": "공부",
      "isCompleted": true
    },
    {
      "id": "82c0",
      "text": "",
      "type": "일반",
      "isCompleted": false
    },
    {
      "id": "d7dd",
      "text": "ㄹ",
      "type": "공부",
      "isCompleted": true
    }
  ]
}